model,scope,prevalence,threshold,tp,fp,fn,tn,recall,fpr,precision,f1
v054,overall,0.001,0.9983936852318344,110840,74,1097,391597,0.9901998445554195,0.00018893407987826517,0.8399033480419271,0.9088800763112755
v054,overall,0.01,0.9983936852318344,110840,74,1097,391597,0.9901998445554195,0.00018893407987826517,0.981460606753635,0.9858108576448619
v054,overall,0.1,0.9983936852318344,110840,74,1097,391597,0.9901998445554195,0.00018893407987826517,0.9982857079462175,0.9942263363056824
v054,short_1_2kb,0.001,0.9983936852318344,10282,47,428,37261,0.9600373482726424,0.0012597834244666023,0.4327297527074783,0.5965630923010916
v054,short_1_2kb,0.01,0.9983936852318344,10282,47,428,37261,0.9600373482726424,0.0012597834244666023,0.8850261536411295,0.9210069580936022
v054,short_1_2kb,0.1,0.9983936852318344,10282,47,428,37261,0.9600373482726424,0.0012597834244666023,0.9883278382067449,0.973977202631643
v054,1000,0.001,0.9983936852318344,5074,33,282,18620,0.9473487677371173,0.0017691524151611001,0.3489658489676225,0.5100495863298791
v054,1000,0.01,0.9983936852318344,5074,33,282,18620,0.9473487677371173,0.0017691524151611001,0.8439671344291817,0.8926747357573404
v054,1000,0.1,0.9983936852318344,5074,33,282,18620,0.9473487677371173,0.0017691524151611001,0.983470519271291,0.9650717607870913
v054,1500,0.001,0.9983936852318344,5208,14,146,18641,0.9727306686589465,0.00075046904315197,0.564736913289757,0.7145996725140225
v054,1500,0.01,0.9983936852318344,5208,14,146,18641,0.9727306686589465,0.00075046904315197,0.9290405807136184,0.9503837704844956
v054,1500,0.1,0.9983936852318344,5208,14,146,18641,0.9727306686589465,0.00075046904315197,0.9931043128311643,0.982811915917879
v054,2000,0.001,0.9983936852318344,5214,9,115,18636,0.9784199662225558,0.0004827031375703942,0.6698568420971688,0.7952563616869482
v054,2000,0.01,0.9983936852318344,5214,9,115,18636,0.9784199662225558,0.0004827031375703942,0.953432802779992,0.9657647887661011
v054,2000,0.1,0.9983936852318344,5214,9,115,18636,0.9784199662225558,0.0004827031375703942,0.9955794809980174,0.9869251417891659
v054,2500,0.001,0.9983936852318344,5229,5,68,18643,0.9871625448367001,0.0002681252681252681,0.7865713618012298,0.8755245466138244
v054,2500,0.01,0.9983936852318344,5229,5,68,18643,0.9871625448367001,0.0002681252681252681,0.973814521406641,0.9804431043064754
v054,2500,0.1,0.9983936852318344,5229,5,68,18643,0.9871625448367001,0.0002681252681252681,0.997561452367113,0.9923347562049841
v054,3000,0.001,0.9983936852318344,5245,1,61,18645,0.9885035808518658,5.363080553469913e-05,0.9485863504894191,0.9681336824219848
v054,3000,0.01,0.9983936852318344,5245,1,61,18645,0.9885035808518658,5.363080553469913e-05,0.9946574963454334,0.9915709905401642
v054,3000,0.1,0.9983936852318344,5245,1,61,18645,0.9885035808518658,5.363080553469913e-05,0.9995119474655403,0.9939772854894536
v054,3500,0.001,0.9983936852318344,5217,3,50,18650,0.990506929941143,0.0001608320377419182,0.8604288939051918,0.9208971712089353
v054,3500,0.01,0.9983936852318344,5217,3,50,18650,0.990506929941143,0.0001608320377419182,0.9841793440334962,0.9873329990874552
v054,3500,0.1,0.9983936852318344,5217,3,50,18650,0.990506929941143,0.0001608320377419182,0.9985407713167043,0.9945076261293284
v054,4000,0.001,0.9983936852318344,5243,1,46,18649,0.9913027037247116,5.361930294906166e-05,0.9487345159509528,0.9695515954445092
v054,4000,0.01,0.9983936852318344,5243,1,46,18649,0.9913027037247116,5.361930294906166e-05,0.9946736380457664,0.9929853100258325
v054,4000,0.1,0.9983936852318344,5243,1,46,18649,0.9913027037247116,5.361930294906166e-05,0.9995134292295791,0.995391134724333
v054,4500,0.001,0.9983936852318344,5251,1,35,18638,0.9933787362845251,5.365094693921348e-05,0.9488075234389851,0.9705816977051902
v054,4500,0.01,0.9983936852318344,5251,1,35,18638,0.9933787362845251,5.365094693921348e-05,0.9946815900935218,0.994029736283455
v054,4500,0.1,0.9983936852318344,5251,1,35,18638,0.9933787362845251,5.365094693921348e-05,0.9995141591897947,0.9964370033223818
v054,5000,0.001,0.9983936852318344,5270,0,25,18650,0.9952785646836638,0.0,1.0,0.9976336961665879
v054,5000,0.01,0.9983936852318344,5270,0,25,18650,0.9952785646836638,0.0,1.0,0.9976336961665879
v054,5000,0.1,0.9983936852318344,5270,0,25,18650,0.9952785646836638,0.0,1.0,0.9976336961665878
v054,5500,0.001,0.9983936852318344,5261,2,30,18650,0.9943299943299944,0.0001072271070126528,0.9027464777006058,0.9463275869872123
v054,5500,0.01,0.9983936852318344,5261,2,30,18650,0.9943299943299944,0.0001072271070126528,0.9894367566923339,0.9918773405842842
v054,5500,0.1,0.9983936852318344,5261,2,30,18650,0.9943299943299944,0.0001072271070126528,0.9990303940781531,0.996674652366802
v054,6000,0.001,0.9983936852318344,5287,2,28,18650,0.9947318908748825,0.0001072271070126528,0.9027819505796507,0.946529060425121
v054,6000,0.01,0.9983936852318344,5287,2,28,18650,0.9947318908748825,0.0001072271070126528,0.9894409794426946,0.9920793808984963
v054,6000,0.1,0.9983936852318344,5287,2,28,18650,0.9947318908748825,0.0001072271070126528,0.9990307854434936,0.9968767035818805
v054,6500,0.001,0.9983936852318344,5298,0,25,18649,0.9953034003381552,0.0,1.0,0.9976461726767725
v054,6500,0.01,0.9983936852318344,5298,0,25,18649,0.9953034003381552,0.0,1.0,0.9976461726767725
v054,6500,0.1,0.9983936852318344,5298,0,25,18649,0.9953034003381552,0.0,1.0,0.9976461726767725
v054,7000,0.001,0.9983936852318344,5256,1,23,18659,0.9956431142261792,5.359056806002143e-05,0.9489725568426589,0.9717477914704702
v054,7000,0.01,0.9983936852318344,5256,1,23,18659,0.9956431142261792,5.359056806002143e-05,0.9946995616543239,0.9951711142874436
v054,7000,0.1,0.9983936852318344,5256,1,23,18659,0.9956431142261792,5.359056806002143e-05,0.9995158088546536,0.9975757030018078
v054,7500,0.001,0.9983936852318344,5260,1,23,18646,0.9956464130229037,5.362792942564488e-05,0.9489389594059117,0.9717317475551142
v054,7500,0.01,0.9983936852318344,5260,1,23,18646,0.9956464130229037,5.362792942564488e-05,0.9946959034650111,0.9951709312808839
v054,7500,0.1,0.9983936852318344,5260,1,23,18646,0.9956464130229037,5.362792942564488e-05,0.999515473062592,0.997577191561303
v054,8000,0.001,0.9983936852318344,5272,0,20,18651,0.9962207105064248,0.0,1.0,0.9981067777357062
v054,8000,0.01,0.9983936852318344,5272,0,20,18651,0.9962207105064248,0.0,1.0,0.9981067777357061
v054,8000,0.1,0.9983936852318344,5272,0,20,18651,0.9962207105064248,0.0,1.0,0.9981067777357061
v054,8500,0.001,0.9983936852318344,5312,0,23,18654,0.995688847235239,0.0,1.0,0.9978397670705362
v054,8500,0.01,0.9983936852318344,5312,0,23,18654,0.995688847235239,0.0,1.0,0.9978397670705365
v054,8500,0.1,0.9983936852318344,5312,0,23,18654,0.995688847235239,0.0,1.0,0.9978397670705363
v054,9000,0.001,0.9983936852318344,5332,0,26,18654,0.9951474430757745,0.0,1.0,0.9975678203928905
v054,9000,0.01,0.9983936852318344,5332,0,26,18654,0.9951474430757745,0.0,1.0,0.9975678203928905
v054,9000,0.1,0.9983936852318344,5332,0,26,18654,0.9951474430757745,0.0,1.0,0.9975678203928905
v054,9500,0.001,0.9983936852318344,5380,1,29,18642,0.9946385653540396,5.36394357131363e-05,0.9488794591703421,0.9712203252594699
v054,9500,0.01,0.9983936852318344,5380,1,29,18642,0.9946385653540396,5.36394357131363e-05,0.9946894243319554,0.9946639941928694
v054,9500,0.1,0.9983936852318344,5380,1,29,18642,0.9946385653540396,5.36394357131363e-05,0.9995148783253034,0.9970707598039341
v054,10000,0.001,0.9983936852318344,5578,0,30,18653,0.9946504992867332,0.0,1.0,0.9973180761666368
v054,10000,0.01,0.9983936852318344,5578,0,30,18653,0.9946504992867332,0.0,1.0,0.9973180761666367
v054,10000,0.1,0.9983936852318344,5578,0,30,18653,0.9946504992867332,0.0,1.0,0.9973180761666369
v054,50000,0.001,0.9983936852318344,5315,0,10,18658,0.9981220657276996,0.0,1.0,0.9990601503759396
v054,50000,0.01,0.9983936852318344,5315,0,10,18658,0.9981220657276996,0.0,1.0,0.9990601503759398
v054,50000,0.1,0.9983936852318344,5315,0,10,18658,0.9981220657276996,0.0,1.0,0.9990601503759396
v054,100000,0.001,0.9983936852318344,5338,0,2,18659,0.999625468164794,0.0,1.0,0.9998126990073049
v054,100000,0.01,0.9983936852318344,5338,0,2,18659,0.999625468164794,0.0,1.0,0.9998126990073047
v054,100000,0.1,0.9983936852318344,5338,0,2,18659,0.999625468164794,0.0,1.0,0.9998126990073049
v054,Fungi,0.001,0.9983936852318344,23430,74,333,391597,0.9859866178512814,0.00018893407987826517,0.8393291544173526,0.9067661900487289
v054,Fungi,0.01,0.9983936852318344,23430,74,333,391597,0.9859866178512814,0.00018893407987826517,0.9813828608003318,0.9836793527984629
v054,Fungi,0.1,0.9983936852318344,23430,74,333,391597,0.9859866178512814,0.00018893407987826517,0.9982783952035369,0.9920944350527112
v054,Metazoa,0.001,0.9983936852318344,54562,74,436,391597,0.9920724389977817,0.00018893407987826517,0.8401572366226508,0.9098169841568903
v054,Metazoa,0.01,0.9983936852318344,54562,74,436,391597,0.9920724389977817,0.00018893407987826517,0.9814949533679221,0.9867553507605769
v054,Metazoa,0.1,0.9983936852318344,54562,74,436,391597,0.9920724389977817,0.00018893407987826517,0.9982889382354998,0.9951709806150651
v054,Viridiplantae,0.001,0.9983936852318344,30243,74,235,391597,0.9922895203097316,0.00018893407987826517,0.8401866166889397,0.9099254915378238
v054,Viridiplantae,0.01,0.9983936852318344,30243,74,235,391597,0.9922895203097316,0.00018893407987826517,0.9814989267840092,0.9868647277544493
v054,Viridiplantae,0.1,0.9983936852318344,30243,74,235,391597,0.9922895203097316,0.00018893407987826517,0.998289311920909,0.995280374147528
v054,Other_Eukaryota,0.001,0.9983936852318344,2605,74,93,391597,0.9655300222386953,0.00018893407987826517,0.8364816717669151,0.8963850454800167
v054,Other_Eukaryota,0.01,0.9983936852318344,2605,74,93,391597,0.9655300222386953,0.00018893407987826517,0.980995917150661,0.9732015284622271
v054,Other_Eukaryota,0.1,0.9983936852318344,2605,74,93,391597,0.9655300222386953,0.00018893407987826517,0.9982419838458381,0.9816135497154875
v054,fungi_bacteria_only,0.001,0.9983936852318344,23430,65,333,374597,0.9859866178512814,0.00017348970538778953,0.8504996186767569,0.913245333205738
v054,fungi_bacteria_only,0.01,0.9983936852318344,23430,65,333,374597,0.9859866178512814,0.00017348970538778953,0.9828786585379259,0.9844301851544671
v054,fungi_bacteria_only,0.1,0.9983936852318344,23430,65,333,374597,0.9859866178512814,0.00017348970538778953,0.998418904895107,0.9921638172764942
v054,organelle,0.001,0.9983936852318344,2292,74,58,391597,0.9753191489361702,0.00018893407987826517,0.8378567690357459,0.9013772384759966
v054,organelle,0.01,0.9983936852318344,2292,74,58,391597,0.9753191489361702,0.00018893407987826517,0.9811830690155726,0.978242321467638
v054,organelle,0.1,0.9983936852318344,2292,74,58,391597,0.9753191489361702,0.00018893407987826517,0.9982595980714385,0.9866560461138215
raw100,overall,0.001,0.9994805844224834,110847,64,1090,391607,0.990262379731456,0.0001634024474622834,0.8584838808927117,0.9196765494112711
raw100,overall,0.01,0.9994805844224834,110847,64,1090,391607,0.990262379731456,0.0001634024474622834,0.9839266575222162,0.9870843520786599
raw100,overall,0.1,0.9994805844224834,110847,64,1090,391607,0.990262379731456,0.0001634024474622834,0.9985171189982054,0.9943726180739045
raw100,short_1_2kb,0.001,0.9994805844224834,10276,42,434,37266,0.9594771241830066,0.0011257639112254745,0.460376226452055,0.622205747658197
raw100,short_1_2kb,0.01,0.9994805844224834,10276,42,434,37266,0.9594771241830066,0.0011257639112254745,0.8959307693108005,0.9266157388030589
raw100,short_1_2kb,0.1,0.9994805844224834,10276,42,434,37266,0.9594771241830066,0.0011257639112254745,0.9895505557317786,0.9742818239387289
raw100,1000,0.001,0.9994805844224834,5058,31,298,18622,0.9443614637789395,0.0016619310566664879,0.36257021154026936,0.5239712865772885
raw100,1000,0.01,0.9994805844224834,5058,31,298,18622,0.9443614637789395,0.0016619310566664879,0.8516256949374064,0.8955993743715467
raw100,1000,0.1,0.9994805844224834,5058,31,298,18622,0.9443614637789395,0.0016619310566664879,0.9844083334601055,0.96396915388587
raw100,1500,0.001,0.9994805844224834,5218,11,136,18644,0.9745984310795667,0.0005896542481908336,0.623279066834572,0.7603171099845493
raw100,1500,0.01,0.9994805844224834,5218,11,136,18644,0.9745984310795667,0.0005896542481908336,0.9434876781263062,0.9587907512927062
raw100,1500,0.1,0.9994805844224834,5218,11,136,18644,0.9745984310795667,0.0005896542481908336,0.9945842846965699,0.9844899365365604
raw100,2000,0.001,0.9994805844224834,5224,8,105,18637,0.9802964908988553,0.0004290694556181282,0.6957703406439827,0.8138830869613386
raw100,2000,0.01,0.9994805844224834,5224,8,105,18637,0.9802964908988553,0.0004290694556181282,0.9584679891513307,0.9692593567420937
raw100,2000,0.1,0.9994805844224834,5224,8,105,18637,0.9802964908988553,0.0004290694556181282,0.9960762147486417,0.9881233587123482
raw100,2500,0.001,0.9994805844224834,5238,3,59,18645,0.9888616197847838,0.00016087516087516087,0.8601968909182084,0.9200527576207629
raw100,2500,0.01,0.9994805844224834,5238,3,59,18645,0.9888616197847838,0.00016087516087516087,0.9841492565653939,0.9864998106422206
raw100,2500,0.1,0.9994805844224834,5238,3,59,18645,0.9888616197847838,0.00016087516087516087,0.9985379556054097,0.9936762314168139
raw100,3000,0.001,0.9994805844224834,5247,1,59,18645,0.9888805126272144,5.363080553469913e-05,0.948604940633098,0.9683241114357239
raw100,3000,0.01,0.9994805844224834,5247,1,59,18645,0.9888805126272144,5.363080553469913e-05,0.9946595218732134,0.9917615987289629
raw100,3000,0.1,0.9994805844224834,5247,1,59,18645,0.9888805126272144,5.363080553469913e-05,0.9995121334058604,0.9941679002197104
raw100,3500,0.001,0.9994805844224834,5217,3,50,18650,0.990506929941143,0.0001608320377419182,0.8604288939051918,0.9208971712089353
raw100,3500,0.01,0.9994805844224834,5217,3,50,18650,0.990506929941143,0.0001608320377419182,0.9841793440334962,0.9873329990874552
raw100,3500,0.1,0.9994805844224834,5217,3,50,18650,0.990506929941143,0.0001608320377419182,0.9985407713167043,0.9945076261293284
raw100,4000,0.001,0.9994805844224834,5239,1,50,18649,0.9905464170920779,5.361930294906166e-05,0.9486973825815815,0.9691703471002023
raw100,4000,0.01,0.9994805844224834,5239,1,50,18649,0.9905464170920779,5.361930294906166e-05,0.9946695930216951,0.9926037232609357
raw100,4000,0.1,0.9994805844224834,5239,1,50,18649,0.9905464170920779,5.361930294906166e-05,0.9995130579115118,0.995009536937793
raw100,4500,0.001,0.9994805844224834,5255,0,31,18639,0.9941354521377223,0.0,1.0,0.9970591025519399
raw100,4500,0.01,0.9994805844224834,5255,0,31,18639,0.9941354521377223,0.0,1.0,0.9970591025519399
raw100,4500,0.1,0.9994805844224834,5255,0,31,18639,0.9941354521377223,0.0,1.0,0.99705910255194
raw100,5000,0.001,0.9994805844224834,5268,0,27,18650,0.9949008498583569,0.0,1.0,0.9974439079806875
raw100,5000,0.01,0.9994805844224834,5268,0,27,18650,0.9949008498583569,0.0,1.0,0.9974439079806872
raw100,5000,0.1,0.9994805844224834,5268,0,27,18650,0.9949008498583569,0.0,1.0,0.9974439079806873
raw100,5500,0.001,0.9994805844224834,5264,1,27,18651,0.9948969948969949,5.36135535063264e-05,0.9489154602611387,0.9713623732782423
raw100,5500,0.01,0.9994805844224834,5264,1,27,18651,0.9948969948969949,5.36135535063264e-05,0.9946933446699427,0.9947951593608673
raw100,5500,0.1,0.9994805844224834,5264,1,27,18651,0.9948969948969949,5.36135535063264e-05,0.9995152381846573,0.9972007695592167
raw100,6000,0.001,0.9994805844224834,5288,2,27,18650,0.9949200376293509,0.0001072271070126528,0.9027985482184323,0.9466233531816735
raw100,6000,0.01,0.9994805844224834,5288,2,27,18650,0.9949200376293509,0.0001072271070126528,0.9894429551515644,0.9921739376845713
raw100,6000,0.1,0.9994805844224834,5288,2,27,18650,0.9949200376293509,0.0001072271070126528,0.9990309685515414,0.9969712653351066
raw100,6500,0.001,0.9994805844224834,5297,0,26,18649,0.9951155363516814,0.0,1.0,0.9975517890772128
raw100,6500,0.01,0.9994805844224834,5297,0,26,18649,0.9951155363516814,0.0,1.0,0.9975517890772126
raw100,6500,0.1,0.9994805844224834,5297,0,26,18649,0.9951155363516814,0.0,1.0,0.9975517890772128
raw100,7000,0.001,0.9994805844224834,5256,1,23,18659,0.9956431142261792,5.359056806002143e-05,0.9489725568426589,0.9717477914704702
raw100,7000,0.01,0.9994805844224834,5256,1,23,18659,0.9956431142261792,5.359056806002143e-05,0.9946995616543239,0.9951711142874436
raw100,7000,0.1,0.9994805844224834,5256,1,23,18659,0.9956431142261792,5.359056806002143e-05,0.9995158088546536,0.9975757030018078
raw100,7500,0.001,0.9994805844224834,5261,1,22,18646,0.9958356994132121,5.362792942564488e-05,0.9489481694954393,0.9718267198572343
raw100,7500,0.01,0.9994805844224834,5261,1,22,18646,0.9958356994132121,5.362792942564488e-05,0.9946969063101763,0.9952659771072383
raw100,7500,0.1,0.9994805844224834,5261,1,22,18646,0.9958356994132121,5.362792942564488e-05,0.9995155651158549,0.9976722390244986
raw100,8000,0.001,0.9994805844224834,5271,0,21,18651,0.996031746031746,0.0,1.0,0.9980119284294234
raw100,8000,0.01,0.9994805844224834,5271,0,21,18651,0.996031746031746,0.0,1.0,0.9980119284294235
raw100,8000,0.1,0.9994805844224834,5271,0,21,18651,0.996031746031746,0.0,1.0,0.9980119284294234
raw100,8500,0.001,0.9994805844224834,5313,0,22,18654,0.9958762886597938,0.0,1.0,0.9979338842975208
raw100,8500,0.01,0.9994805844224834,5313,0,22,18654,0.9958762886597938,0.0,1.0,0.9979338842975207
raw100,8500,0.1,0.9994805844224834,5313,0,22,18654,0.9958762886597938,0.0,1.0,0.9979338842975206
raw100,9000,0.001,0.9994805844224834,5332,0,26,18654,0.9951474430757745,0.0,1.0,0.9975678203928905
raw100,9000,0.01,0.9994805844224834,5332,0,26,18654,0.9951474430757745,0.0,1.0,0.9975678203928905
raw100,9000,0.1,0.9994805844224834,5332,0,26,18654,0.9951474430757745,0.0,1.0,0.9975678203928905
raw100,9500,0.001,0.9994805844224834,5376,1,33,18642,0.9938990571270105,5.36394357131363e-05,0.9488433688532452,0.9708487517984961
raw100,9500,0.01,0.9994805844224834,5376,1,33,18642,0.9938990571270105,5.36394357131363e-05,0.9946854940100939,0.9942921200602107
raw100,9500,0.1,0.9994805844224834,5376,1,33,18642,0.9938990571270105,5.36394357131363e-05,0.9995145175469131,0.9966988779407061
raw100,10000,0.001,0.9994805844224834,5579,0,29,18653,0.9948288159771754,0.0,1.0,0.9974077053723073
raw100,10000,0.01,0.9994805844224834,5579,0,29,18653,0.9948288159771754,0.0,1.0,0.997407705372307
raw100,10000,0.1,0.9994805844224834,5579,0,29,18653,0.9948288159771754,0.0,1.0,0.9974077053723072
raw100,50000,0.001,0.9994805844224834,5308,0,17,18658,0.9968075117370891,0.0,1.0,0.998401203799492
raw100,50000,0.01,0.9994805844224834,5308,0,17,18658,0.9968075117370891,0.0,1.0,0.9984012037994922
raw100,50000,0.1,0.9994805844224834,5308,0,17,18658,0.9968075117370891,0.0,1.0,0.9984012037994922
raw100,100000,0.001,0.9994805844224834,5338,0,2,18659,0.999625468164794,0.0,1.0,0.9998126990073049
raw100,100000,0.01,0.9994805844224834,5338,0,2,18659,0.999625468164794,0.0,1.0,0.9998126990073047
raw100,100000,0.1,0.9994805844224834,5338,0,2,18659,0.999625468164794,0.0,1.0,0.9998126990073049
raw100,Fungi,0.001,0.9994805844224834,23438,64,325,391607,0.98632327568068,0.0001634024474622834,0.8579989600598084,0.9176968410588351
raw100,Fungi,0.01,0.9994805844224834,23438,64,325,391607,0.98632327568068,0.0001634024474622834,0.983863500852877,0.9850918527544412
raw100,Fungi,0.1,0.9994805844224834,23438,64,325,391607,0.98632327568068,0.0001634024474622834,0.9985112055960529,0.9923798204814154
raw100,Metazoa,0.001,0.9994805844224834,54523,64,475,391607,0.9913633223026291,0.0001634024474622834,0.8586188200929441,0.9202285649921645
raw100,Metazoa,0.01,0.9994805844224834,54523,64,475,391607,0.9913633223026291,0.0001634024474622834,0.9839442209183136,0.9876398388268043
raw100,Metazoa,0.1,0.9994805844224834,54523,64,475,391607,0.9913633223026291,0.0001634024474622834,0.9985187633485343,0.9949281776571048
raw100,Viridiplantae,0.001,0.9994805844224834,30264,64,214,391607,0.9929785418990748,0.0001634024474622834,0.858816327599264,0.9210374202728615
raw100,Viridiplantae,0.01,0.9994805844224834,30264,64,214,391607,0.9929785418990748,0.0001634024474622834,0.9839699192492297,0.9884537051827111
raw100,Viridiplantae,0.1,0.9994805844224834,30264,64,214,391607,0.9929785418990748,0.0001634024474622834,0.9985211692256301,0.9957421426017355
raw100,Other_Eukaryota,0.001,0.9994805844224834,2622,64,76,391607,0.971830985915493,0.0001634024474622834,0.8561859263599544,0.9103504539305787
raw100,Other_Eukaryota,0.01,0.9994805844224834,2622,64,76,391607,0.971830985915493,0.0001634024474622834,0.983626807564871,0.9776933190333023
raw100,Other_Eukaryota,0.1,0.9994805844224834,2622,64,76,391607,0.971830985915493,0.0001634024474622834,0.9984890377092163,0.9849796726499557
raw100,fungi_bacteria_only,0.001,0.9994805844224834,23438,57,325,374605,0.98632327568068,0.0001521371262631385,0.8664816958337423,0.9225267393939901
raw100,fungi_bacteria_only,0.01,0.9994805844224834,23438,57,325,374605,0.98632327568068,0.0001521371262631385,0.9849592536952286,0.9856407927728561
raw100,fungi_bacteria_only,0.1,0.9994805844224834,23438,57,325,374605,0.98632327568068,0.0001521371262631385,0.9986137040397097,0.9924304396271667
raw100,organelle,0.001,0.9994805844224834,2298,64,52,391607,0.977872340425532,0.0001634024474622834,0.8569473172403522,0.9134250063542746
raw100,organelle,0.01,0.9994805844224834,2298,64,52,391607,0.977872340425532,0.0001634024474622834,0.9837263159812358,0.9807905932285472
raw100,organelle,0.1,0.9994805844224834,2298,64,52,391607,0.977872340425532,0.0001634024474622834,0.9984983585081599,0.9880777197033168
